"Data Source","World Development Indicators",

"Last Updated Date","2026-07-13",

"Country Name","Country Code","Indicator Name","Indicator Code","1960","1961","1962","1963","1964","1965","1966","1967","1968","1969","1970","1971","1972","1973","1974","1975","1976","1977","1978","1979","1980","1981","1982","1983","1984","1985","1986","1987","1988","1989","1990","1991","1992","1993","1994","1995","1996","1997","1998","1999","2000","2001","2002","2003","2004","2005","2006","2007","2008","2009","2010","2011","2012","2013","2014","2015","2016","2017","2018","2019","2020","2021","2022","2023","2024","2025",
"Aruba","ABW","Prevalence of underweight, weight for age (% of children under 5)","SH.STA.MALN.ZS","","","","","","","","","","","","","","","","","","","","","","","","","","","","","","","","","","","","","","","","","","","","","","","","","","","","","","","","","","","","","","","","","","",
"Africa Eastern and Southern","AFE","Prevalence of underweight, weight for age (% of children under 5)","SH.STA.MALN.ZS","","","","","","","","","","","","","","","","","","","","","","","","","","","","","","","","","","","","","","","","","","","","","","","","","","","","","","","","","","","","","","","","","","",
"Afghanistan","AFG","Prevalence of underweight, weight for age (% of children under 5)","SH.STA.MALN.ZS","","","","","","","","","","","","","","","","","","","","","","","","","","","","","","","","","","","","","","44.9","","","","","","","31.7","","","","","","","","","24.6","","","","","19.1","","","","18.4","","","",
"Africa Western and Central","AFW","Prevalence of underweight, weight for age (% of children under 5)","SH.STA.MALN.ZS","","","","","","","","","","","","","","","","","","","","","","","","","","","","","","","","","","","","","","","","","","","","","","","","","","","","","","","","","","","","","","","","","","",
"Angola","AGO","Prevalence of underweight, weight for age (% of children under 5)","SH.STA.MALN.ZS","","","","","","","","","","","","","","","","","","","","","","","","","","","","","","","","","","","","","36.2","","","","","","","","","","","15.1","","","","","","","","19","","","","","","","","","","",
"Albania","ALB","Prevalence of underweight, weight for age (% of children under 5)","SH.STA.MALN.ZS","","","","","","","","","","","","","","","","","","","","","","","","","","","","","","","","","","","","","","","","","","","","","","6.6","","","","6.3","","","","","","","","1.5","","","","","","","","",
"Andorra","AND","Prevalence of underweight, weight for age (% of children under 5)","SH.STA.MALN.ZS","","","","","","","","","","","","","","","","","","","","","","","","","","","","","","","","","","","","","","","","","","","","","","","","","","","","","","","","","","","","","","","","","","",
"Arab World","ARB","Prevalence of underweight, weight for age (% of children under 5)","SH.STA.MALN.ZS","","","","","","","","","","","","","","","","","","","","","","","","","","","","","","","","","","","","","","","","","","","","","","","","","","","","","","","","","","","","","","","","","","",
"United Arab Emirates","ARE","Prevalence of underweight, weight for age (% of children under 5)","SH.STA.MALN.ZS","","","","","","","","","","","","","","","","","","","","","","","","","","","","","","","","","","","","","","","","","","","","","","","","","","","","","","","","","","","","","","","","","","",
"Argentina","ARG","Prevalence of underweight, weight for age (% of children under 5)","SH.STA.MALN.ZS","","","","","","","","","","","","","","","","","","","","","","","","","","","","","","","","","","","1.7","","4.7","","","","","","","","","2.5","","","","","","","","","","","","","2","","","","","","","",
"Armenia","ARM","Prevalence of underweight, weight for age (% of children under 5)","SH.STA.MALN.ZS","","","","","","","","","","","","","","","","","","","","","","","","","","","","","","","","","","","","","","","2.7","","2.6","","","","","4.2","","","","","5.3","","","","","","2.6","","","","","","","","","",
"American Samoa","ASM","Prevalence of underweight, weight for age (% of children under 5)","SH.STA.MALN.ZS","","","","","","","","","","","","","","","","","","","","","","","","","","","","","","","","","","","","","","","","","","","","","","","","","","","","","","","","","","","","","","","","","","",
"Antigua and Barbuda","ATG","Prevalence of underweight, weight for age (% of children under 5)","SH.STA.MALN.ZS","","","","","","","","","","","","","","","","","","","","","","","","","","","","","","","","","","","","","","","","","","","","","","","","","","","","","","","","","","","","","","","","","","",
"Australia","AUS","Prevalence of underweight, weight for age (% of children under 5)","SH.STA.MALN.ZS","","","","","","","","","","","","","","","","","","","","","","","","","","","","","","","","","","","","0","","","","","","","","","","","","0.5","","","","","","","","","","","","","","","","","","",
"Austria","AUT","Prevalence of underweight, weight for age (% of children under 5)","SH.STA.MALN.ZS","","","","","","","","","","","","","","","","","","","","","","","","","","","","","","","","","","","","","","","","","","","","","","","","","","","","","","","","","","","","","","","","","","",
"Azerbaijan","AZE","Prevalence of underweight, weight for age (% of children under 5)","SH.STA.MALN.ZS","","","","","","","","","","","","","","","","","","","","","","","","","","","","","","","","","","","","","8.8","","","","14","5.9","","","","","8.4","","","","","6.5","","4.9","","","","","","","","","","3","","",
"Burundi","BDI","Prevalence of underweight, weight for age (% of children under 5)","SH.STA.MALN.ZS","","","","","","","","","","","","","","","","","","","","","","","","","","","","30.4","","","","","","","","","","","","","39.1","","","","","35.2","","","","","29.1","","27.9","","","","29.3","","29.6","27","27.7","","27.6","28","28.3","",
"Belgium","BEL","Prevalence of underweight, weight for age (% of children under 5)","SH.STA.MALN.ZS","","","","","","","","","","","","","","","","","","","","","","","","","","","","","","","","","","","","","","","","","","","","","","","","","","","","","","","1.1","","","","","","","","","0.3","","",
"Benin","BEN","Prevalence of underweight, weight for age (% of children under 5)","SH.STA.MALN.ZS","","","","","","","","","","","","","","","","","","","","","","","","","","","","","","","","","","","","","25.6","","","","","19.5","","","","","","","17.1","","","","","","18","","","","16.8","","","19.6","","","","",
"Burkina Faso","BFA","Prevalence of underweight, weight for age (% of children under 5)","SH.STA.MALN.ZS","","","","","","","","","","","","","","","","","","","","","","","","","","","","","","","","","","28.7","","","","","","30.9","","","","","","","","","","26","25.2","25.1","24.3","20.9","20","22.8","18.9","16.2","17.7","16.4","12.7","16.9","","","","",
"Bangladesh","BGD","Prevalence of underweight, weight for age (% of children under 5)","SH.STA.MALN.ZS","","","","","","","","","","","","","","","","","","","","","","","","","","","66.8","","","","61.5","61.2","60.6","56.1","58","55.2","54","53.6","50.7","49.5","42.4","43.2","41","38.9","42.8","39.7","37.9","41.3","","","","36.7","33","31.9","32.8","31","","","21.9","22.6","","","21.7","","","",
"Bulgaria","BGR","Prevalence of underweight, weight for age (% of children under 5)","SH.STA.MALN.ZS","","","","","","","","","","","","","","","","","","","","","","","","","","","","","","","","","","","","","","","","","","","","","2","","","3.7","","","","","","","1.7","","","","","","","","","","","",
"Bahrain","BHR","Prevalence of underweight, weight for age (% of children under 5)","SH.STA.MALN.ZS","","","","","","","","","","","","","","","","","","","","","","","","","","","","","","6.3","","","","","","7.6","","","","","","","","","","","","","","","","","","","","","","","","","","","","","","",
"Bahamas, The","BHS","Prevalence of underweight, weight for age (% of children under 5)","SH.STA.MALN.ZS","","","","","","","","","","","","","","","","","","","","","","","","","","","","","","","","","","","","","","","","","","","","","","","","","","","","","","","","","","","","","","","","","","",
"Bosnia and Herzegovina","BIH","Prevalence of underweight, weight for age (% of children under 5)","SH.STA.MALN.ZS","","","","","","","","","","","","","","","","","","","","","","","","","","","","","","","","","","","","","","","","","4.2","","","","","","1.6","","","","","","1.6","","","","","","","","","","","","","",
"Belarus","BLR","Prevalence of underweight, weight for age (% of children under 5)","SH.STA.MALN.ZS","","","","","","","","","","","","","","","","","","","","","","","","","","","","","","","","","","","","","","","","","","","","","","1.3","","","","","","","","","","","","","","","","","","","","",
"Belize","BLZ","Prevalence of underweight, weight for age (% of children under 5)","SH.STA.MALN.ZS","","","","","","","","","","","","","","","","","","","","","","","","","","","","","","","","","5.4","","","","","","","","","","","","","","5","","","","","6.2","","","","4.6","","","","","","","","","","",
"Bermuda","BMU","Prevalence of underweight, weight for age (% of children under 5)","SH.STA.MALN.ZS","","","","","","","","","","","","","","","","","","","","","","","","","","","","","","","","","","","","","","","","","","","","","","","","","","","","","","","","","","","","","","","","","","",
"Bolivia","BOL","Prevalence of underweight, weight for age (% of children under 5)","SH.STA.MALN.ZS","","","","","","","","","","","","","","","","","","","","","","","","","","","","","9.8","8.9","9.7","10.2","10.5","","12.5","","","","5.9","","","","","5.8","","","","","4.5","","","","3.6","","","","3.4","","","","","","","","","",
"Brazil","BRA","Prevalence of underweight, weight for age (% of children under 5)","SH.STA.MALN.ZS","","","","","","","","","","","","","","","","","","","","","","","","","","","","","","5.6","","","","","","","4.5","","","","","","","","","","","2.2","","","","","","","","","","","","3.5","","","","","","",
"Barbados","BRB","Prevalence of underweight, weight for age (% of children under 5)","SH.STA.MALN.ZS","","","","","","","","","","","","","","","","","","","","","","","","","","","","","","","","","","","","","","","","","","","","","","","","","","","","","3.5","","","","","","","","","","","","","",
"Brunei Darussalam","BRN","Prevalence of underweight, weight for age (% of children under 5)","SH.STA.MALN.ZS","","","","","","","","","","","","","","","","","","","","","","","","","","","","","","","","","","","","","","","","","","","","","","","","","","9.7","","","","","","","","","","","","","","","","",
"Bhutan","BTN","Prevalence of underweight, weight for age (% of children under 5)","SH.STA.MALN.ZS","","","","","","","","","","","","","","","","","","","","","","","","","","","","34","","","","","","","","","","","","13.9","","","","","","","","","10.4","","12.7","","","","","","","","","","","","","8.7","","",
"Botswana","BWA","Prevalence of underweight, weight for age (% of children under 5)","SH.STA.MALN.ZS","","","","","","","","","","","","","","","","","","","","","","","","","","","","","","","","","","","","","15.1","","","","11.1","","","","","","","11.8","","","","","","","","","","","","","","","","","","",
"Central African Republic","CAF","Prevalence of underweight, weight for age (% of children under 5)","SH.STA.MALN.ZS","","","","","","","","","","","","","","","","","","","","","","","","","","","","","","","","","","","23.7","","","","","","21.3","","","","","","26.1","","","","23.5","","24.5","","20","","","","19.7","20.5","","","18.4","","","",
"Canada","CAN","Prevalence of underweight, weight for age (% of children under 5)","SH.STA.MALN.ZS","","","","","","","","","","","","","","","","","","","","","","","","","","","","","","","","","","","","","","","","","","","","","","","","","","","","","","","","","","","","","","","","","","",
"Central Europe and the Baltics","CEB","Prevalence of underweight, weight for age (% of children under 5)","SH.STA.MALN.ZS","","","","","","","","","","","","","","","","","","","","","","","","","","","","","","","","","","","","","","","","","","","","","","","","","","","","","","","","","","","","","","","","","","",
"Switzerland","CHE","Prevalence of underweight, weight for age (% of children under 5)","SH.STA.MALN.ZS","","","","","","","","","","","","","","","","","","","","","","","","","","","","","","","","","","","","","","","","","","","","","","","","","","","","","","","","","","","","","","","","","","",
"Channel Islands","CHI","Prevalence of underweight, weight for age (% of children under 5)","SH.STA.MALN.ZS","","","","","","","","","","","","","","","","","","","","","","","","","","","","","","","","","","","","","","","","","","","","","","","","","","","","","","","","","","","","","","","","","","",
"Chile","CHL","Prevalence of underweight, weight for age (% of children under 5)","SH.STA.MALN.ZS","","","","","","","","","","","","","","","","","","","","","","","","","","","2.2","","","","","","","","0.8","0.8","0.7","","0.7","0.7","","0.7","0.7","0.6","0.6","","0.6","0.6","0.5","","","","","0.5","0.5","","","","","","","","","","","",
"China","CHN","Prevalence of underweight, weight for age (% of children under 5)","SH.STA.MALN.ZS","","","","","","","","","","","","","","","","","","","","","","","","","","","","18.7","","","12.6","","14.2","","","10.7","","","6.9","","7.4","","6.8","","","4.5","","","3.8","3.4","3.4","","","2.4","","","","","","","","","","","","",
"Cote d'Ivoire","CIV","Prevalence of underweight, weight for age (% of children under 5)","SH.STA.MALN.ZS","","","","","","","","","","","","","","","","","","","","","","","","","","","11.7","","","","","","","","20.9","","","","18.2","","","","","","","","","28.4","","","","15.5","15.7","","","","12.8","","","","","13.6","","","","",
"Cameroon","CMR","Prevalence of underweight, weight for age (% of children under 5)","SH.STA.MALN.ZS","","","","","","","","","","","","","","","","","","","","","","","","","","","","","","","","12.9","","","","","","","18.1","","","","","","15.1","","16.5","","","","","15.2","","","14.8","","","","11","","","","","","","",
"Congo, Dem. Rep.","COD","Prevalence of underweight, weight for age (% of children under 5)","SH.STA.MALN.ZS","","","","","","","","","","","","","","","","","","","","","","","","","","","","","","","","","","","","30.7","","","","","","30.3","","","","","","25.6","","","24.2","","","23.4","","","","23.1","","","","","","25","","",
"Congo, Rep.","COG","Prevalence of underweight, weight for age (% of children under 5)","SH.STA.MALN.ZS","","","","","","","","","","","","","","","","","","","","","","","","","","","","16.4","","","","","","","","","","","","","","","","","","11.9","","","","","","11.8","","","12.3","","","","","","","","","","","",
"Colombia","COL","Prevalence of underweight, weight for age (% of children under 5)","SH.STA.MALN.ZS","","","","","","","","","","","","","","","","","","","","","","","","","","","8.6","","8.8","","","","","","","6.3","","","","","4.9","","","","","5","","","","","3.4","","","","","","3.7","","","","","","","","","",
"Comoros","COM","Prevalence of underweight, weight for age (% of children under 5)","SH.STA.MALN.ZS","","","","","","","","","","","","","","","","","","","","","","","","","","","","","","","","","15.2","","","","22.4","","","","25.1","","","","","","","","","","","","16.9","","","","","","","","","","9.1","","","",
"Cabo Verde","CPV","Prevalence of underweight, weight for age (% of children under 5)","SH.STA.MALN.ZS","","","","","","","","","","","","","","","","","","","","","","","","","","13.7","","","","","","","","","11.8","","","","","","","","","","","","","","","","","","","","","","","","2.2","","","","","","","",
"Costa Rica","CRI","Prevalence of underweight, weight for age (% of children under 5)","SH.STA.MALN.ZS","","","","","","","","","","","","","","","","","","","","","","","","","","","","","","2.4","2.5","2.2","2","2","1.9","","3.8","","","","","","","","","","","","0.9","","","","","","","","","","2.9","","","","","","","",
"Caribbean small states","CSS","Prevalence of underweight, weight for age (% of children under 5)","SH.STA.MALN.ZS","","","","","","","","","","","","","","","","","","","","","","","","","","","","","","","","","","","","","","","","","","","","","","","","","","","","","","","","","","","","","","","","","","",
"Cuba","CUB","Prevalence of underweight, weight for age (% of children under 5)","SH.STA.MALN.ZS","","","","","","","","","","","","","","","","","","","","","","","","","","","","","","","","","","","","","","","","","3.4","","","","","","","","","","","","","","","","","","","2.4","","","","","","",
"Curacao","CUW","Prevalence of underweight, weight for age (% of children under 5)","SH.STA.MALN.ZS","","","","","","","","","","","","","","","","","","","","","","","","","","","","","","","","","","","","","","","","","","","","","","","","","","","","","","","","","","","","","","","","","","",
"Cayman Islands","CYM","Prevalence of underweight, weight for age (% of children under 5)","SH.STA.MALN.ZS","","","","","","","","","","","","","","","","","","","","","","","","","","","","","","","","","","","","","","","","","","","","","","","","","","","","","","","","","","","","","","","","","","",
"Cyprus","CYP","Prevalence of underweight, weight for age (% of children under 5)","SH.STA.MALN.ZS","","","","","","","","","","","","","","","","","","","","","","","","","","","","","","","","","","","","","","","","","","","","","","","","","","","","","","","","","","","","","","","","","","",
"Czechia","CZE","Prevalence of underweight, weight for age (% of children under 5)","SH.STA.MALN.ZS","","","","","","","","","","","","","","","","","","","","","","","","","","","","","","","","0.9","","","","","","","","","","2.1","","","","","","","","","","","","","","","","","","","","","","","","",
"Germany","DEU","Prevalence of underweight, weight for age (% of children under 5)","SH.STA.MALN.ZS","","","","","","","","","","","","","","","","","","","","","","","","","","","","","","","","","","","","","","","","","","","","","1.1","","","","","","","","","","","","0.6","","","","","","","","","",
"Djibouti","DJI","Prevalence of underweight, weight for age (% of children under 5)","SH.STA.MALN.ZS","","","","","","","","","","","","","","","","","","","","","","","","","","","","","","20.2","","","","","","","19.7","","","","","","","","","","","","","","","24.2","","26","","","","","","16.2","","","","17.7","","",
"Dominica","DMA","Prevalence of underweight, weight for age (% of children under 5)","SH.STA.MALN.ZS","","","","","","","","","","","","","","","","","","","","","","","","","","","","","","","","","","","","","","","","","","","","","","","","","","","","","","","","","","","","","","","","","","",
"Denmark","DNK","Prevalence of underweight, weight for age (% of children under 5)","SH.STA.MALN.ZS","","","","","","","","","","","","","","","","","","","","","","","","","","","","","","","","","","","","","","","","","","","","","","","","","","","","","","","","","","","","","","","","","","",
"Dominican Republic","DOM","Prevalence of underweight, weight for age (% of children under 5)","SH.STA.MALN.ZS","","","","","","","","","","","","","","","","","","","","","","","","","","","9.1","","","","","8.4","","","","","4.7","","","","3.3","","4.2","","","","3.9","3.4","","","","","","4","","","","","","3","","","","","","",
"Algeria","DZA","Prevalence of underweight, weight for age (% of children under 5)","SH.STA.MALN.ZS","","","","","","","","","","","","","","","","","","","","","","","","","","","","8","","","","","9.2","","","11.3","","","","","5.4","","11.1","","","","3.4","","","","","","3","","","","","","","2.7","","","","","","",
"East Asia & Pacific (excluding high income)","EAP","Prevalence of underweight, weight for age (% of children under 5)","SH.STA.MALN.ZS","","","","","","","","","","","","","","","","","","","","","","","","","","","","","","","","","","","","","","","","","","","","","","","","","","","","","","","","","","","","","","","","","","",
"Early-demographic dividend","EAR","Prevalence of underweight, weight for age (% of children under 5)","SH.STA.MALN.ZS","","","","","","","","","","","","","","","","","","","","","","","","","","","","","","","","","","","","","","","","","","","","","","","","","","","","","","","","","","","","","","","","","","",
"East Asia & Pacific","EAS","Prevalence of underweight, weight for age (% of children under 5)","SH.STA.MALN.ZS","","","","","","","","","","","","","","","","","","","","","","","","","","","","","","","","","","","","","","","","","11.65","11.2","10.77","10.35","9.95","9.57","9.2","8.83","8.47","8.11","7.77","7.46","7.15","6.86","6.59","6.34","6.1","5.87","5.67","5.52","5.41","5.36","5.38","5.41","5.42","",
"Europe & Central Asia (excluding high income)","ECA","Prevalence of underweight, weight for age (% of children under 5)","SH.STA.MALN.ZS","","","","","","","","","","","","","","","","","","","","","","","","","","","","","","","","","","","","","","","","","","","","","","","","","","","","","","","","","","","","","","","","","","",
"Europe & Central Asia","ECS","Prevalence of underweight, weight for age (% of children under 5)","SH.STA.MALN.ZS","","","","","","","","","","","","","","","","","","","","","","","","","","","","","","","","","","","","","","","","","3.34","3.14","2.95","2.77","2.6","2.44","2.29","2.15","2.02","1.9","1.78","1.67","1.57","1.48","1.39","1.3","1.22","1.15","1.08","1.01","0.95","0.89","0.83","0.78","0.73","",
"Ecuador","ECU","Prevalence of underweight, weight for age (% of children under 5)","SH.STA.MALN.ZS","","","","","","","","","","","","","","","","","","","","","","","","","","","14.5","","","","","","","","","","","","","10.4","","","","","6.7","","6.8","","","","","","6.4","","5.1","","","","","","","","","4.3","4.9","",
"Egypt, Arab Rep.","EGY","Prevalence of underweight, weight for age (% of children under 5)","SH.STA.MALN.ZS","","","","","","","","","","","","","","","","","","","","","","","","","","","","","10.5","","","10.5","8.2","","","10.8","","10.2","9.4","","","","","8.7","","5.4","","","6.8","","","","","","7","","","","","","","3.7","","","","",
"Euro area","EMU","Prevalence of underweight, weight for age (% of children under 5)","SH.STA.MALN.ZS","","","","","","","","","","","","","","","","","","","","","","","","","","","","","","","","","","","","","","","","","","","","","","","","","","","","","","","","","","","","","","","","","","",
"Eritrea","ERI","Prevalence of underweight, weight for age (% of children under 5)","SH.STA.MALN.ZS","","","","","","","","","","","","","","","","","","","","","","","","","","","","","","","","","","36.9","","39.3","","","","","","","34.3","","","","","","","","39.4","","","","","","","","","","","","","","","",
"Spain","ESP","Prevalence of underweight, weight for age (% of children under 5)","SH.STA.MALN.ZS","","","","","","","","","","","","","","","","","","","","","","","","","","","","","","","","","","","","","","","","","","","","","","","","","","","","","","","","","","","","","","","","","","",
"Estonia","EST","Prevalence of underweight, weight for age (% of children under 5)","SH.STA.MALN.ZS","","","","","","","","","","","","","","","","","","","","","","","","","","","","","","","","","","","","","","","","","","","","","","","","","","","","","","","0.4","","","","","","","","","","","",
"Ethiopia","ETH","Prevalence of underweight, weight for age (% of children under 5)","SH.STA.MALN.ZS","","","","","","","","","","","","","","","","","","","","","","","","","","","","","","","","","41.9","","","","","","","","41.8","","","","","34.3","","","","","","29.2","","","26.5","","23.5","","","21.2","","","","","","",
"European Union","EUU","Prevalence of underweight, weight for age (% of children under 5)","SH.STA.MALN.ZS","","","","","","","","","","","","","","","","","","","","","","","","","","","","","","","","","","","","","","","","","","","","","","","","","","","","","","","","","","","","","","","","","","",
"Finland","FIN","Prevalence of underweight, weight for age (% of children under 5)","SH.STA.MALN.ZS","","","","","","","","","","","","","","","","","","","","","","","","","","","","","","","","","","","","","","","","","","","","","","","","","","","","","","","","","","","","","","","","","","",
"Fiji","FJI","Prevalence of underweight, weight for age (% of children under 5)","SH.STA.MALN.ZS","","","","","","","","","","","","","","","","","","","","","","","","","","","","","","","","","","6.9","","","","","","","","","","","5.4","","","","","","","","","","5.9","","","","","","","4.6","","","","",
"France","FRA","Prevalence of underweight, weight for age (% of children under 5)","SH.STA.MALN.ZS","","","","","","","","","","","","","","","","","","","","","","","","","","","","","","","","","","","","","","","","","","","","","","","","","","","","","","","","","","","","","","","","","","",
"Faroe Islands","FRO","Prevalence of underweight, weight for age (% of children under 5)","SH.STA.MALN.ZS","","","","","","","","","","","","","","","","","","","","","","","","","","","","","","","","","","","","","","","","","","","","","","","","","","","","","","","","","","","","","","","","","","",
"Micronesia, Fed. Sts.","FSM","Prevalence of underweight, weight for age (% of children under 5)","SH.STA.MALN.ZS","","","","","","","","","","","","","","","","","","","","","","","","","","","","","","","","","","","","","","","","","","","","","","","","","","","","","","","","","","","","","","","","","","",
"Gabon","GAB","Prevalence of underweight, weight for age (% of children under 5)","SH.STA.MALN.ZS","","","","","","","","","","","","","","","","","","","","","","","","","","","","","","","","","","","","","","","","","9","","","","","","","","","","","","6.4","","","","","","","","5.4","","","","","",
"United Kingdom","GBR","Prevalence of underweight, weight for age (% of children under 5)","SH.STA.MALN.ZS","","","","","","","","","","","","","","","","","","","","","","","","","","","","","","","","","","","","","","","","","","","","","","","","0.7","0.6","0.6","0.6","0.1","0.6","0.6","0.6","0.6","0.6","0.5","0.6","0.6","","","","","","",
"Georgia","GEO","Prevalence of underweight, weight for age (% of children under 5)","SH.STA.MALN.ZS","","","","","","","","","","","","","","","","","","","","","","","","","","","","","","","","","","","","","","","","2.7","","","","","","2.4","","","","1.1","","","","","","","","","2.1","","","","","","","",
"Ghana","GHA","Prevalence of underweight, weight for age (% of children under 5)","SH.STA.MALN.ZS","","","","","","","","","","","","","","","","","","","","","","","","","","","","","22.9","","","","","25.1","","","","22.2","20.1","","","","","19","","","13.9","","14.4","","","13.4","","","11.2","","","12.6","","","","","12","","","",
"Gibraltar","GIB","Prevalence of underweight, weight for age (% of children under 5)","SH.STA.MALN.ZS","","","","","","","","","","","","","","","","","","","","","","","","","","","","","","","","","","","","","","","","","","","","","","","","","","","","","","","","","","","","","","","","","","",
"Guinea","GIN","Prevalence of underweight, weight for age (% of children under 5)","SH.STA.MALN.ZS","","","","","","","","","","","","","","","","","","","","","","","","","","","","","","","","","","","21.2","","","","","20","","","","","","22.7","","16.4","","","","","18.8","","","","18.3","","16.3","","","","15","","","",
"Gambia, The","GMB","Prevalence of underweight, weight for age (% of children under 5)","SH.STA.MALN.ZS","","","","","","","","","","","","","","","","","","","","","","","","","","","","","","","","","","","","","23.2","","","","15.4","","","","","","15.8","","","","17.4","","17.9","16.5","","","","","13.9","","11.6","","","","","",
"Guinea-Bissau","GNB","Prevalence of underweight, weight for age (% of children under 5)","SH.STA.MALN.ZS","","","","","","","","","","","","","","","","","","","","","","","","","","","","","","","","","","","","","","","","","19.8","","","","","","","","16.4","","18","","17","","17","","","","","18.8","","","","","","",
"Equatorial Guinea","GNQ","Prevalence of underweight, weight for age (% of children under 5)","SH.STA.MALN.ZS","","","","","","","","","","","","","","","","","","","","","","","","","","","","","","","","","","","","","","13.8","","","15.7","","","","10.5","","","","","","","5.6","","","","","","","","","","","","","","",
"Greece","GRC","Prevalence of underweight, weight for age (% of children under 5)","SH.STA.MALN.ZS","","","","","","","","","","","","","","","","","","","","","","","","","","","","","","","","","","","","","","","","","","","","0.5","","","","","","","","","","","","","","","","","","","","","","",
"Grenada","GRD","Prevalence of underweight, weight for age (% of children under 5)","SH.STA.MALN.ZS","","","","","","","","","","","","","","","","","","","","","","","","","","","","","","","","","","","","","","","","","","","","","","","","","","","","","","","","","","","","","","","","","","",
"Greenland","GRL","Prevalence of underweight, weight for age (% of children under 5)","SH.STA.MALN.ZS","","","","","","","","","","","","","","","","","","","","","","","","","","","","","","","","","","","","","","","","","","","","","","","","","","","","","","","","","","","","","","","","","","",
"Guatemala","GTM","Prevalence of underweight, weight for age (% of children under 5)","SH.STA.MALN.ZS","","","","","","","","","","","","","","","","","","","","","","","","","","","","27.8","","","","","","","","21.7","","","","20.3","18.8","","18.2","","","","","","","14.1","","","","","","12.4","","","","","","14.4","","","","",
"Guam","GUM","Prevalence of underweight, weight for age (% of children under 5)","SH.STA.MALN.ZS","","","","","","","","","","","","","","","","","","","","","","","","","","","","","","","","","","","","","","","","","","","","","","","","","","","","","","","","","","","","","","","","","","",
"Guyana","GUY","Prevalence of underweight, weight for age (% of children under 5)","SH.STA.MALN.ZS","","","","","","","","","","","","","","","","","","","","","","","","","","","","","","","","","","13.2","","","","10.3","","","11.9","","","","","","10.8","","","11","","","","","8.2","","","","","9.4","","","","","","",
"High income","HIC","Prevalence of underweight, weight for age (% of children under 5)","SH.STA.MALN.ZS","","","","","","","","","","","","","","","","","","","","","","","","","","","","","","","","","","","","","","","","","1.16","1.14","1.12","1.11","1.09","1.08","1.06","1.04","1.03","1.01","1","0.98","0.97","0.95","0.94","0.93","0.91","0.9","0.89","0.87","0.86","0.85","0.84","0.82","0.81","",
"Hong Kong SAR, China","HKG","Prevalence of underweight, weight for age (% of children under 5)","SH.STA.MALN.ZS","","","","","","","","","","","","","","","","","","","","","","","","","","","","","","","","","","","","","","","","","","","","","","","","","","","","","","","","","","","","","","","","","","",
"Honduras","HND","Prevalence of underweight, weight for age (% of children under 5)","SH.STA.MALN.ZS","","","","","","","","","","","","","","","","","","","","","","","","","","","","18.1","","","","15","","","16.1","","18.2","","","","","12.8","","","11.5","","8.7","","","","","","7.1","","","","","","","7.1","","","","","","",
"Heavily indebted poor countries (HIPC)","HPC","Prevalence of underweight, weight for age (% of children under 5)","SH.STA.MALN.ZS","","","","","","","","","","","","","","","","","","","","","","","","","","","","","","","","","","","","","","","","","","","","","","","","","","","","","","","","","","","","","","","","","","",
"Croatia","HRV","Prevalence of underweight, weight for age (% of children under 5)","SH.STA.MALN.ZS","","","","","","","","","","","","","","","","","","","","","","","","","","","","","","","","","","","","","","","","","","","","","","","","","","","","","","","","","","","","","","","","","","",
"Haiti","HTI","Prevalence of underweight, weight for age (% of children under 5)","SH.STA.MALN.ZS","","","","","","","","","","","","","","","","","","","","","","","","","","","","","","","23.7","","","","23.8","","","","","","13.9","","","","","","18.9","","","","","","11.6","13","","","","9.5","","","","","","10.7","","",
"Hungary","HUN","Prevalence of underweight, weight for age (% of children under 5)","SH.STA.MALN.ZS","","","","","","","","","","","","","","","","","","","","","","","","","","","","","","","","","","","","","","","","","","","","","","","","","","","","","","","","","","","","","","","","","","",
"IBRD only","IBD","Prevalence of underweight, weight for age (% of children under 5)","SH.STA.MALN.ZS","","","","","","","","","","","","","","","","","","","","","","","","","","","","","","","","","","","","","","","","","","","","","","","","","","","","","","","","","","","","","","","","","","",
"IDA & IBRD total","IBT","Prevalence of underweight, weight for age (% of children under 5)","SH.STA.MALN.ZS","","","","","","","","","","","","","","","","","","","","","","","","","","","","","","","","","","","","","","","","","","","","","","","","","","","","","","","","","","","","","","","","","","",
"IDA total","IDA","Prevalence of underweight, weight for age (% of children under 5)","SH.STA.MALN.ZS","","","","","","","","","","","","","","","","","","","","","","","","","","","","","","","","","","","","","","","","","","","","","","","","","","","","","","","","","","","","","","","","","","",
"IDA blend","IDB","Prevalence of underweight, weight for age (% of children under 5)","SH.STA.MALN.ZS","","","","","","","","","","","","","","","","","","","","","","","","","","","","","","","","","","","","","","","","","","","","","","","","","","","","","","","","","","","","","","","","","","",
"Indonesia","IDN","Prevalence of underweight, weight for age (% of children under 5)","SH.STA.MALN.ZS","","","","","","","","","","","","","","","","","","","","","","","","","","","","35.9","","31","","","29.8","","","","30.3","","25.8","22.8","24.7","23.4","23","23.1","19.7","24.4","","","19.6","","18.6","","","19.9","","","","","17.7","17.9","","17","16.8","15.9","","",
"IDA only","IDX","Prevalence of underweight, weight for age (% of children under 5)","SH.STA.MALN.ZS","","","","","","","","","","","","","","","","","","","","","","","","","","","","","","","","","","","","","","","","","","","","","","","","","","","","","","","","","","","","","","","","","","",
"Isle of Man","IMN","Prevalence of underweight, weight for age (% of children under 5)","SH.STA.MALN.ZS","","","","","","","","","","","","","","","","","","","","","","","","","","","","","","","","","","","","","","","","","","","","","","","","","","","","","","","","","","","","","","","","","","",
"India","IND","Prevalence of underweight, weight for age (% of children under 5)","SH.STA.MALN.ZS","","","","","","","","","","","","","","","","","","","","","","","","","","","","","","55.5","","52.8","51.3","","","","","38.4","","45.4","","","","","","","43.5","","","","","","","","29.4","36.3","","33.8","","","31.5","","","","","",
"Not classified","INX","Prevalence of underweight, weight for age (% of children under 5)","SH.STA.MALN.ZS","","","","","","","","","","","","","","","","","","","","","","","","","","","","","","","","","","","","","","","","","","","","","","","","","","","","","","","","","","","","","","","","","","",
"Ireland","IRL","Prevalence of underweight, weight for age (% of children under 5)","SH.STA.MALN.ZS","","","","","","","","","","","","","","","","","","","","","","","","","","","","","","","","","","","","","","","","","","","","","","","","","","","","0.5","","","","","","","","","","","","","","",
"Iran, Islamic Rep.","IRN","Prevalence of underweight, weight for age (% of children under 5)","SH.STA.MALN.ZS","","","","","","","","","","","","","","","","","","","","","","","","","","","","","","","","","","","","13.8","","","9.5","","","","","","4.6","","","","","","4.1","","","","","","","4.3","","","","","","","","",
"Iraq","IRQ","Prevalence of underweight, weight for age (% of children under 5)","SH.STA.MALN.ZS","","","","","","","","","","","","","","","","","","","","","","","","","","","","","","","","10.4","","","","","","","","","12.8","","","10.1","8","","7.1","","","","","7.2","","","","","","","3.9","","","","","","","",
"Iceland","ISL","Prevalence of underweight, weight for age (% of children under 5)","SH.STA.MALN.ZS","","","","","","","","","","","","","","","","","","","","","","","","","","","","","","","","","","","","","","","","","","","","","","","","","","","","","","","","","","","","","","","","","","",
"Israel","ISR","Prevalence of underweight, weight for age (% of children under 5)","SH.STA.MALN.ZS","","","","","","","","","","","","","","","","","","","","","","","","","","","","","","","","","","","","","","","","","","","","","","","","","","","","","","","","","","","","","","","","","","",
"Italy","ITA","Prevalence of underweight, weight for age (% of children under 5)","SH.STA.MALN.ZS","","","","","","","","","","","","","","","","","","","","","","","","","","","","","","","","","","","","","","","","","","","","","","","","","","","","","","","","","","","","","","","","","","",
"Jamaica","JAM","Prevalence of underweight, weight for age (% of children under 5)","SH.STA.MALN.ZS","","","","","","","","","","","","","","","","","","","","","","","","","","","","","","5.8","","5.6","5.7","6.1","4.6","4.8","5.6","3.5","3.8","2.1","3.9","4","2.7","","3.1","","4.8","1.8","2.4","","3.4","","2.7","","2.2","","4.4","","2.5","","","","","","","",
"Jordan","JOR","Prevalence of underweight, weight for age (% of children under 5)","SH.STA.MALN.ZS","","","","","","","","","","","","","","","","","","","","","","","","","","","","","","","5.1","","","","","","","3.8","","","","","3.7","","","","","","","1.9","","","3","","","","","","","2.7","","","","2.5","","",
"Japan","JPN","Prevalence of underweight, weight for age (% of children under 5)","SH.STA.MALN.ZS","","","","","","","","","","","","","","","","","","","","","","","","","","","","","","","2.5","","","","","","","","","","2.5","","","","","","","","","","3.4","","","","","","","","","","","","","","","",
"Kazakhstan","KAZ","Prevalence of underweight, weight for age (% of children under 5)","SH.STA.MALN.ZS","","","","","","","","","","","","","","","","","","","","","","","","","","","","","","","","","","","","6.7","","","","3.8","","","","","","","4.9","","","","3.7","","","","","2","","","","","","","","","","",
"Kenya","KEN","Prevalence of underweight, weight for age (% of children under 5)","SH.STA.MALN.ZS","","","","","","","","","","","","","","","","","","","","","","","","","","","","","","","","","","19.4","17.9","","","","17.8","","17.1","","","16.4","","18","","","16.5","","","12.4","","","11.2","","13","","","","","","9.8","","","",
"Kyrgyz Republic","KGZ","Prevalence of underweight, weight for age (% of children under 5)","SH.STA.MALN.ZS","","","","","","","","","","","","","","","","","","","","","","","","","","","","","","","","","","","","","","8.1","","","","","","","","","2.7","","","4.7","","","3.8","","2.8","","","","1.8","","","1","","2.9","","",
"Cambodia","KHM","Prevalence of underweight, weight for age (% of children under 5)","SH.STA.MALN.ZS","","","","","","","","","","","","","","","","","","","","","","","","","","","","","","","","","","","","","42.6","","","","39.7","","","","","28.3","","","28.3","","28.9","","","","24.1","","","","","","","16.3","","","","",
"Kiribati","KIR","Prevalence of underweight, weight for age (% of children under 5)","SH.STA.MALN.ZS","","","","","","","","","","","","","","","","","","","","","","","","","","11.3","","","","","","","","","","","","","","","","","","","","","","","","15.1","","","","","","","","","6.9","","","","","","","",
"St. Kitts and Nevis","KNA","Prevalence of underweight, weight for age (% of children under 5)","SH.STA.MALN.ZS","","","","","","","","","","","","","","","","","","","","","","","","","","","","","","","","","","","","","","","","","","","","","","","","","","","","","","","","","","","","","","","","","","",
"Korea, Rep.","KOR","Prevalence of underweight, weight for age (% of children under 5)","SH.STA.MALN.ZS","","","","","","","","","","","","","","","","","","","","","","","","","","","","","","","","","","","","","","","","","","","","0.9","","","","","","","","0.8","","","1","","","0.9","","","0.4","","","","","",
"Kuwait","KWT","Prevalence of underweight, weight for age (% of children under 5)","SH.STA.MALN.ZS","","","","","","","","","","","","","","","","","","","","","","","","","","","","","","","","","","","","","1.5","","","","","2.2","2.1","2.3","2.8","2.6","2.9","2.9","2.4","1.7","1.7","2.1","2.1","3.6","3","3.2","3.3","3.6","3.3","2","1.8","2.4","2.9","2.8","","",
"Latin America & Caribbean (excluding high income)","LAC","Prevalence of underweight, weight for age (% of children under 5)","SH.STA.MALN.ZS","","","","","","","","","","","","","","","","","","","","","","","","","","","","","","","","","","","","","","","","","","","","","","","","","","","","","","","","","","","","","","","","","","",
"Lao PDR","LAO","Prevalence of underweight, weight for age (% of children under 5)","SH.STA.MALN.ZS","","","","","","","","","","","","","","","","","","","","","","","","","","","","","","","","","","39.8","35.9","","","","","","35.6","","","","","","31.6","","","","","26.6","","","","25.5","","21.1","","","","","","24.3","","",
"Lebanon","LBN","Prevalence of underweight, weight for age (% of children under 5)","SH.STA.MALN.ZS","","","","","","","","","","","","","","","","","","","","","","","","","","","","","","","","","","","","","","","","","","","","","4.2","","","","","","","","","","","","","","","","","3.4","","5.1","","",
"Liberia","LBR","Prevalence of underweight, weight for age (% of children under 5)","SH.STA.MALN.ZS","","","","","","","","","","","","","","","","","","","","","","","","","","","","","","","","","","","","","","","","","22.8","","","","","","","20.4","16.4","","16.6","","","15.3","","","13.6","","","10.9","","","","","","",
"Libya","LBY","Prevalence of underweight, weight for age (% of children under 5)","SH.STA.MALN.ZS","","","","","","","","","","","","","","","","","","","","","","","","","","","","","","","","","","","","4.2","","","","","","","","","","","","5.6","","","","","","","11.7","","","","","","","","4.3","","","",
"St. Lucia","LCA","Prevalence of underweight, weight for age (% of children under 5)","SH.STA.MALN.ZS","","","","","","","","","","","","","","","","","","","","","","","","","","","","","","","","","","","","","","","","","","","","","","","","","","","","","2.8","","","","","","","","","","","","","",
"Latin America & Caribbean","LCN","Prevalence of underweight, weight for age (% of children under 5)","SH.STA.MALN.ZS","","","","","","","","","","","","","","","","","","","","","","","","","","","","","","","","","","","","","","","","","5.33","5.18","5.05","4.91","4.78","4.65","4.53","4.4","4.28","4.16","4.05","3.94","3.83","3.73","3.63","3.53","3.43","3.33","3.23","3.14","3.06","2.97","2.89","2.82","2.74","",
"Least developed countries: UN classification","LDC","Prevalence of underweight, weight for age (% of children under 5)","SH.STA.MALN.ZS","","","","","","","","","","","","","","","","","","","","","","","","","","","","","","","","","","","","","","","","","","","","","","","","","","","","","","","","","","","","","","","","","","",
"Low income","LIC","Prevalence of underweight, weight for age (% of children under 5)","SH.STA.MALN.ZS","","","","","","","","","","","","","","","","","","","","","","","","","","","","","","","","","","","","","","","","","29.11","28.57","28.04","27.52","27.01","26.5","25.99","25.49","25","24.52","24.04","23.57","23.1","22.64","22.19","21.74","21.3","20.87","20.44","20.02","19.61","19.2","18.8","18.41","18.02","",
"Liechtenstein","LIE","Prevalence of underweight, weight for age (% of children under 5)","SH.STA.MALN.ZS","","","","","","","","","","","","","","","","","","","","","","","","","","","","","","","","","","","","","","","","","","","","","","","","","","","","","","","","","","","","","","","","","","",
"Sri Lanka","LKA","Prevalence of underweight, weight for age (% of children under 5)","SH.STA.MALN.ZS","","","","","","","","","","","","","","","","","","","","","","","","","","","","29.5","","","","","","29.1","","29.3","","","","","22.9","","","","","","","22.1","","21.6","","","26.1","","","","20.5","","","14","13.1","12.2","15.3","17.1","17.1","",
"Lower middle income","LMC","Prevalence of underweight, weight for age (% of children under 5)","SH.STA.MALN.ZS","","","","","","","","","","","","","","","","","","","","","","","","","","","","","","","","","","","","","","","","","32.27","31.55","30.84","30.14","29.45","28.77","28.1","27.44","26.79","26.14","25.51","24.89","24.28","23.68","23.08","22.5","21.93","21.37","20.82","20.28","19.76","19.24","18.73","18.23","17.75","",
"Low & middle income","LMY","Prevalence of underweight, weight for age (% of children under 5)","SH.STA.MALN.ZS","","","","","","","","","","","","","","","","","","","","","","","","","","","","","","","","","","","","","","","","","23.29","22.85","22.41","21.96","21.49","21.01","20.52","20.01","19.5","18.99","18.5","18.03","17.55","17.09","16.64","16.21","15.8","15.42","15.08","14.79","14.53","14.32","14.14","13.96","13.75","",
"Lesotho","LSO","Prevalence of underweight, weight for age (% of children under 5)","SH.STA.MALN.ZS","","","","","","","","","","","","","","","","","","","","","","","","","","","","","","","","","13.8","18.9","","","","","","","","","","","16.6","","","","","13.4","","","","","10.5","","","","10.5","","","","","","12.5","",
"Late-demographic dividend","LTE","Prevalence of underweight, weight for age (% of children under 5)","SH.STA.MALN.ZS","","","","","","","","","","","","","","","","","","","","","","","","","","","","","","","","","","","","","","","","","","","","","","","","","","","","","","","","","","","","","","","","","","",
"Lithuania","LTU","Prevalence of underweight, weight for age (% of children under 5)","SH.STA.MALN.ZS","","","","","","","","","","","","","","","","","","","","","","","","","","","","","","","","","","","","","","","","","","","","","","","","","","","","","","","","","","","","","","1.1","","","","",
"Luxembourg","LUX","Prevalence of underweight, weight for age (% of children under 5)","SH.STA.MALN.ZS","","","","","","","","","","","","","","","","","","","","","","","","","","","","","","","","","","","","","","","","","","","","","","","","","","","","","","","","","","","","","","","","","","",
"Latvia","LVA","Prevalence of underweight, weight for age (% of children under 5)","SH.STA.MALN.ZS","","","","","","","","","","","","","","","","","","","","","","","","","","","","","","","","","","","","","","","","","","","","","","","","","","","","","","","","","","","","","","0.3","","","","",
"Macao SAR, China","MAC","Prevalence of underweight, weight for age (% of children under 5)","SH.STA.MALN.ZS","","","","","","","","","","","","","","","","","","","","","","","","","","","","","","","","","","","","","","","","","","","","","","","","","","","","","","","","","","","","","","","","","","",
"St. Martin (French part)","MAF","Prevalence of underweight, weight for age (% of children under 5)","SH.STA.MALN.ZS","","","","","","","","","","","","","","","","","","","","","","","","","","","","","","","","","","","","","","","","","","","","","","","","","","","","","","","","","","","","","","","","","","",
"Morocco","MAR","Prevalence of underweight, weight for age (% of children under 5)","SH.STA.MALN.ZS","","","","","","","","","","","","","","","","","","","","","","","","","","","","10.4","","","","","8.1","","","","","7.7","","","","","","9.8","","","","","","","","2.9","","","","","","2.6","","3","","","","","","",
"Monaco","MCO","Prevalence of underweight, weight for age (% of children under 5)","SH.STA.MALN.ZS","","","","","","","","","","","","","","","","","","","","","","","","","","","","","","","","","","","","","","","","","","","","","","","","","","","","","","","","","","","","","","","","","","",
"Moldova","MDA","Prevalence of underweight, weight for age (% of children under 5)","SH.STA.MALN.ZS","","","","","","","","","","","","","","","","","","","","","","","","","","","","","","","","","","","","","","","","","","","","","","3.2","","","","","","","2.2","","","","","","","","","","","","","",
"Madagascar","MDG","Prevalence of underweight, weight for age (% of children under 5)","SH.STA.MALN.ZS","","","","","","","","","","","","","","","","","","","","","","","","","","","","","","","","","35.2","40.9","","30.4","","35.6","","","","","","","36.7","","","","","","","28.4","32.6","","","","","","26.4","","","22.6","","","","",
"Maldives","MDV","Prevalence of underweight, weight for age (% of children under 5)","SH.STA.MALN.ZS","","","","","","","","","","","","","","","","","","","","","","","","","","","","","","","","","","","32.5","39","","37.9","","","","25.7","","","","","","","","17.7","","","","","","","","14.8","","","","","","","","",
"Middle East, North Africa, Afghanistan & Pakistan","MEA","Prevalence of underweight, weight for age (% of children under 5)","SH.STA.MALN.ZS","","","","","","","","","","","","","","","","","","","","","","","","","","","","","","","","","","","","","","","","","16.48","16.1","15.73","15.37","15.01","14.66","14.32","13.98","13.65","13.32","13.01","12.7","12.39","12.09","11.8","11.51","11.23","10.96","10.69","10.43","10.17","9.92","9.68","9.44","9.2","",
"Mexico","MEX","Prevalence of underweight, weight for age (% of children under 5)","SH.STA.MALN.ZS","","","","","","","","","","","","","","","","","","","","","","","","","","","","","10.9","9.6","","","","","","","10.3","","5.6","","","","4.2","","","6","3.4","","","","","","2.8","","","3.9","4.2","","","4.7","4.6","4.2","4.2","","","",
"Marshall Islands","MHL","Prevalence of underweight, weight for age (% of children under 5)","SH.STA.MALN.ZS","","","","","","","","","","","","","","","","","","","","","","","","","","","","","","","","","","","","","","","","","","","","","","","","","","","","","","","","","","11.9","","","","","","","","",
"Middle income","MIC","Prevalence of underweight, weight for age (% of children under 5)","SH.STA.MALN.ZS","","","","","","","","","","","","","","","","","","","","","","","","","","","","","","","","","","","","","","","","","22.44","21.99","21.55","21.09","20.61","20.11","19.61","19.08","18.55","18.02","17.52","17.03","16.54","16.07","15.61","15.17","14.75","14.36","14.01","13.71","13.45","13.22","13.05","12.88","12.67","",
"North Macedonia","MKD","Prevalence of underweight, weight for age (% of children under 5)","SH.STA.MALN.ZS","","","","","","","","","","","","","","","","","","","","","","","","","","","","","","","","","","","","","","","","2.1","","","","","","1.8","","","","","","1.3","","","","","","","","0.9","","","","","","",
"Mali","MLI","Prevalence of underweight, weight for age (% of children under 5)","SH.STA.MALN.ZS","","","","","","","","","","","","","","","","","","","","","","","","","","","","27.3","","","","","","","","","39.7","","","","","30","","","","","27.9","","","","18.9","20","","","24.1","25","20.2","17.1","18.6","18.5","14.9","17.5","18.5","","15","",
"Malta","MLT","Prevalence of underweight, weight for age (% of children under 5)","SH.STA.MALN.ZS","","","","","","","","","","","","","","","","","","","","","","","","","","","","","","","","","","","","","","","","","","","","","","","","","","","","","","","","","","","","","","","0.7","","","",
"Myanmar","MMR","Prevalence of underweight, weight for age (% of children under 5)","SH.STA.MALN.ZS","","","","","","","","","","","","","","","","","","","","","","","","","","","","","","","32.5","37","","","31.2","38.7","","28.1","","","30","","","29.2","","","","","","22.6","","","","","","","18.5","","19.5","","","","","","","",
"Middle East, North Africa, Afghanistan & Pakistan (excluding high income)","MNA","Prevalence of underweight, weight for age (% of children under 5)","SH.STA.MALN.ZS","","","","","","","","","","","","","","","","","","","","","","","","","","","","","","","","","","","","","","","","","","","","","","","","","","","","","","","","","","","","","","","","","","",
"Montenegro","MNE","Prevalence of underweight, weight for age (% of children under 5)","SH.STA.MALN.ZS","","","","","","","","","","","","","","","","","","","","","","","","","","","","","","","","","","","","","","","","","","","","","","2.2","","","","","","","","1","","","","","3.7","","","","","","","",
"Mongolia","MNG","Prevalence of underweight, weight for age (% of children under 5)","SH.STA.MALN.ZS","","","","","","","","","","","","","","","","","","","","","","","","","","","","","","","","","11.8","","","","","","","10.8","11.6","","","","5.1","5.3","","","","","3.3","","","1.6","","","0.8","","1.8","","","","","1.9","","",
"Northern Mariana Islands","MNP","Prevalence of underweight, weight for age (% of children under 5)","SH.STA.MALN.ZS","","","","","","","","","","","","","","","","","","","","","","","","","","","","","","","","","","","","","","","","","","","","","","","","","","","","","","","","","","","","","","","","","","",
"Mozambique","MOZ","Prevalence of underweight, weight for age (% of children under 5)","SH.STA.MALN.ZS","","","","","","","","","","","","","","","","","","","","","","","","","","","","","","","","","","","","23.9","","24.7","","","","24.5","","21.2","","","","","18.2","","","15.6","","","","15.6","","","","","14.8","","15.4","","","",
"Mauritania","MRT","Prevalence of underweight, weight for age (% of children under 5)","SH.STA.MALN.ZS","","","","","","","","","","","","","","","","","","","","","","","","","","","","","","","","","","","","","20.3","","","","29.7","","","","","","","25.5","16.5","","","24.4","20.4","","","24.9","","","19.2","17.3","16.8","14.8","22.4","","","",
"Mauritius","MUS","Prevalence of underweight, weight for age (% of children under 5)","SH.STA.MALN.ZS","","","","","","","","","","","","","","","","","","","","","","","","","","21.1","","","","","","","","","","13","","","","","","","","","","","","","","","","","","","","","","","","","","","","","","",
"Malawi","MWI","Prevalence of underweight, weight for age (% of children under 5)","SH.STA.MALN.ZS","","","","","","","","","","","","","","","","","","","","","","","","","","","","","","","","","24.4","","","26.5","","","23.5","","21.5","","21.7","","18.6","","15.6","","","11.7","13.9","","","","16.7","11.8","14.6","12.3","11.5","10.8","12.8","","","","","",
"Malaysia","MYS","Prevalence of underweight, weight for age (% of children under 5)","SH.STA.MALN.ZS","","","","","","","","","","","","","","","","","","","","","","","","","","","","","","","22.1","23.1","22.6","20.5","19.7","17.7","","","","16.7","","","","","","","12.7","","","","","","","","","12.5","13.7","","","14.8","","","15.3","","","",
"North America","NAC","Prevalence of underweight, weight for age (% of children under 5)","SH.STA.MALN.ZS","","","","","","","","","","","","","","","","","","","","","","","","","","","","","","","","","","","","","","","","","0.91","0.9","0.89","0.89","0.88","0.87","0.86","0.86","0.85","0.84","0.84","0.83","0.82","0.81","0.81","0.8","0.79","0.79","0.78","0.77","0.77","0.76","0.75","0.74","0.74","",
"Namibia","NAM","Prevalence of underweight, weight for age (% of children under 5)","SH.STA.MALN.ZS","","","","","","","","","","","","","","","","","","","","","","","","","","","","","","","","","21.4","","","","","","","","20.2","","","","","","","17.4","","","","","","13.2","","","","","","","","","","","","",
"New Caledonia","NCL","Prevalence of underweight, weight for age (% of children under 5)","SH.STA.MALN.ZS","","","","","","","","","","","","","","","","","","","","","","","","","","","","","","","","","","","","","","","","","","","","","","","","","","","","","","","","","","","","","","","","","","",
"Niger","NER","Prevalence of underweight, weight for age (% of children under 5)","SH.STA.MALN.ZS","","","","","","","","","","","","","","","","","","","","","","","","","","45","","","","","","","38.7","","","","","","46.6","","43.1","","","","","","35.6","37.9","34.6","33.5","40","36.2","32.1","33.1","34.6","35.8","32","","37.5","31.3","33.4","33.2","34.6","","","",
"Nigeria","NGA","Prevalence of underweight, weight for age (% of children under 5)","SH.STA.MALN.ZS","","","","","","","","","","","","","","","","","","","","","","","","","","","","","","","33.1","","","35.1","","","","","","","","","","26.7","","","","","","","","24.2","","","20.6","19.5","31.5","","21.8","","18.4","24.4","","","","",
"Nicaragua","NIC","Prevalence of underweight, weight for age (% of children under 5)","SH.STA.MALN.ZS","","","","","","","","","","","","","","","","","","","","","","","","","","","","","","","","","","9.6","","","","","10.3","","","7.7","","","3.4","6.2","","5.7","","","","","4.6","","","","","","","","","","","","","",
"Netherlands","NLD","Prevalence of underweight, weight for age (% of children under 5)","SH.STA.MALN.ZS","","","","","","","","","","","","","","","","","","","","","","","","","","","","","","","","","","","","","1.1","","","","","","","","","","","","","1","","","","","","","","","","","","","","","","",
"Norway","NOR","Prevalence of underweight, weight for age (% of children under 5)","SH.STA.MALN.ZS","","","","","","","","","","","","","","","","","","","","","","","","","","","","","","","","","","","","","","","","","","","","","","","","","","","","","","","","","","","","","","","","","","",
"Nepal","NPL","Prevalence of underweight, weight for age (% of children under 5)","SH.STA.MALN.ZS","","","","","","","","","","","","","","","","","","","","","","","","","","","","","","","","","","","","42.6","42.8","","36.5","","","42.8","","","","","38.6","","","","31.1","28.9","","","29.7","","27","","","24.4","","","18.3","","","",
"Naoero","NRU","Prevalence of underweight, weight for age (% of children under 5)","SH.STA.MALN.ZS","","","","","","","","","","","","","","","","","","","","","","","","","","","","","","","","","","","","","","","","","","","","","","","","4.8","","","","","","","","","","","","","","","","3.8","","",
"New Zealand","NZL","Prevalence of underweight, weight for age (% of children under 5)","SH.STA.MALN.ZS","","","","","","","","","","","","","","","","","","","","","","","","","","","","","","","","","","","","","","","","","","","","","","","","","","","","","","","","","","","","","","","","","","",
"OECD members","OED","Prevalence of underweight, weight for age (% of children under 5)","SH.STA.MALN.ZS","","","","","","","","","","","","","","","","","","","","","","","","","","","","","","","","","","","","","","","","","","","","","","","","","","","","","","","","","","","","","","","","","","",
"Oman","OMN","Prevalence of underweight, weight for age (% of children under 5)","SH.STA.MALN.ZS","","","","","","","","","","","","","","","","","","","","","","","","","","","","","","","","18.6","","","14.2","","","","","13","","","","","","","","","","8.6","","","","","9.7","","","11.2","","","","","","","","",
"Other small states","OSS","Prevalence of underweight, weight for age (% of children under 5)","SH.STA.MALN.ZS","","","","","","","","","","","","","","","","","","","","","","","","","","","","","","","","","","","","","","","","","","","","","","","","","","","","","","","","","","","","","","","","","","",
"Pakistan","PAK","Prevalence of underweight, weight for age (% of children under 5)","SH.STA.MALN.ZS","","","","","","","","","","","","","","","","","","","","","","","","","","","44.4","","","","","38.4","35.3","","","34.2","","","","","","31.2","","","","","","","","","","31.4","","31.8","","","","","23.1","","","","","","","",
"Panama","PAN","Prevalence of underweight, weight for age (% of children under 5)","SH.STA.MALN.ZS","","","","","","","","","","","","","","","","","","","","","","","","","","","","","","","","","","","","","","5","","","","","","5.3","","","","","3.9","","","","","","","","","","","2.9","","","","","","",
"Peru","PER","Prevalence of underweight, weight for age (% of children under 5)","SH.STA.MALN.ZS","","","","","","","","","","","","","","","","","","","","","","","","","","","","","","","","8.8","","","","","5.7","7.6","6.3","7.8","5.2","6","","","","5.4","","4.3","","4.3","4.3","4.2","3.4","3.6","3.2","3.4","3.2","3.2","2.6","3.3","2.2","2.1","2.4","2.7","","",
"Philippines","PHL","Prevalence of underweight, weight for age (% of children under 5)","SH.STA.MALN.ZS","","","","","","","","","","","","","","","","","","","","","","","","","","","","29.3","","","29.9","","29.8","26.3","","","","","28.3","","","","","20.8","","","","","20.6","","","20.2","","19.9","","21.4","","","19","18.9","","16.7","","","","",
"Palau","PLW","Prevalence of underweight, weight for age (% of children under 5)","SH.STA.MALN.ZS","","","","","","","","","","","","","","","","","","","","","","","","","","","","","","","","","","","","","","","","","","","","","","","","","","","","","","","","","","","","","","","","","","",
"Papua New Guinea","PNG","Prevalence of underweight, weight for age (% of children under 5)","SH.STA.MALN.ZS","","","","","","","","","","","","","","","","","","","","","","","","22.8","","","","","","","","","","","","","","","","","","","","","","17.3","","","","","27.8","","","","","","","","","","","","","","","",
"Poland","POL","Prevalence of underweight, weight for age (% of children under 5)","SH.STA.MALN.ZS","","","","","","","","","","","","","","","","","","","","","","","","","","","","","","","","","","","","","","","","","","","","","","","","","","","","0.9","","","","","","","0.7","","","","","","","",
"Pre-demographic dividend","PRE","Prevalence of underweight, weight for age (% of children under 5)","SH.STA.MALN.ZS","","","","","","","","","","","","","","","","","","","","","","","","","","","","","","","","","","","","","","","","","","","","","","","","","","","","","","","","","","","","","","","","","","",
"Puerto Rico (US)","PRI","Prevalence of underweight, weight for age (% of children under 5)","SH.STA.MALN.ZS","","","","","","","","","","","","","","","","","","","","","","","","","","","","","","","","","","","","","","","","","","","","","","","","","","","","","","","","","","","","","","","","","","",
"Korea, Dem. People's Rep.","PRK","Prevalence of underweight, weight for age (% of children under 5)","SH.STA.MALN.ZS","","","","","","","","","","","","","","","","","","","","","","","","","","","","","","","","","","","","","","","55.5","","24.7","","17.7","","20.6","","","","","18.8","","","15.2","","","","","9.3","","","","","","","","",
"Portugal","PRT","Prevalence of underweight, weight for age (% of children under 5)","SH.STA.MALN.ZS","","","","","","","","","","","","","","","","","","","","","","","","","","","","","","","","","","","","","","","","","","","","","","","","","","","","","","","","","0.9","","","","","","","","","",
"Paraguay","PRY","Prevalence of underweight, weight for age (% of children under 5)","SH.STA.MALN.ZS","","","","","","","","","","","","","","","","","","","","","","","","","","","","","","","2.8","","","","","","","","","","","","","","","3.4","","","","","","","2.6","","","","1.3","","","","","","","","","",
"West Bank and Gaza","PSE","Prevalence of underweight, weight for age (% of children under 5)","SH.STA.MALN.ZS","","","","","","","","","","","","","","","","","","","","","","","","","","","","","","","","","","","","","2.5","","","","2.2","","2.4","","3.3","","2.6","","","","3.7","","","","1.4","","","","","","2.1","","","","","",
"Pacific island small states","PSS","Prevalence of underweight, weight for age (% of children under 5)","SH.STA.MALN.ZS","","","","","","","","","","","","","","","","","","","","","","","","","","","","","","","","","","","","","","","","","","","","","","","","","","","","","","","","","","","","","","","","","","",
"Post-demographic dividend","PST","Prevalence of underweight, weight for age (% of children under 5)","SH.STA.MALN.ZS","","","","","","","","","","","","","","","","","","","","","","","","","","","","","","","","","","","","","","","","","","","","","","","","","","","","","","","","","","","","","","","","","","",
"French Polynesia","PYF","Prevalence of underweight, weight for age (% of children under 5)","SH.STA.MALN.ZS","","","","","","","","","","","","","","","","","","","","","","","","","","","","","","","","","","","","","","","","","","","","","","","","","","","","","","","","","","","","","","","","","","",
"Qatar","QAT","Prevalence of underweight, weight for age (% of children under 5)","SH.STA.MALN.ZS","","","","","","","","","","","","","","","","","","","","","","","","","","","","","","","","","","","","4.8","","","","","","","","","","","","","","","","","","","","","","","","","","2","2.1","2.3","","",
"Romania","ROU","Prevalence of underweight, weight for age (% of children under 5)","SH.STA.MALN.ZS","","","","","","","","","","","","","","","","","","","","","","","","","","","","","","","","5","","","","","","","","3.4","3.7","3.8","3.5","","","","","","","","","","","","","","","","","","","","","","","",
"Russian Federation","RUS","Prevalence of underweight, weight for age (% of children under 5)","SH.STA.MALN.ZS","","","","","","","","","","","","","","","","","","","","","","","","","","","","","","","","","","","","","","","","","","","","","","","","","","","","","","","","","","","","","","","","","","",
"Rwanda","RWA","Prevalence of underweight, weight for age (% of children under 5)","SH.STA.MALN.ZS","","","","","","","","","","","","","","","","","","","","","","","","","","","","","","","","","24.2","","","","22.6","","","","20.3","","","","","17.9","","","","14.3","11.7","","10.9","","","9.6","","","12.3","","7.7","","","","","",
"South Asia","SAS","Prevalence of underweight, weight for age (% of children under 5)","SH.STA.MALN.ZS","","","","","","","","","","","","","","","","","","","","","","","","","","","","","","","","","","","","","","","","","44.72","43.82","42.93","42.04","41.16","40.28","39.41","38.54","37.68","36.83","35.99","35.16","34.33","33.52","32.71","31.91","31.13","30.36","29.59","28.84","28.1","27.37","26.65","25.95","25.25","",
"Saudi Arabia","SAU","Prevalence of underweight, weight for age (% of children under 5)","SH.STA.MALN.ZS","","","","","","","","","","","","","","","","","","","","","","","","","","","","","","","","","","","13.5","","","","","","","","","","5.3","","","","","","","","","","","5.7","4.6","6.2","3.3","4","3.5","","","","","",
"Sudan","SDN","Prevalence of underweight, weight for age (% of children under 5)","SH.STA.MALN.ZS","","","","","","","","","","","","","","","","","","","","","","","","","","","","","","","","","","","","","","","","","","","","","","","27","","","","29.8","","","","33","","","","","","","","","","","",
"Senegal","SEN","Prevalence of underweight, weight for age (% of children under 5)","SH.STA.MALN.ZS","","","","","","","","","","","","","","","","","","","","","","","","","","","16.9","","","","","20.4","","19","","","18.5","","","","17.8","","","","","14.5","","","","","","18.4","14.4","14.8","12.8","14","13.8","14.4","15.1","14.4","","","","16.2","","",
"Singapore","SGP","Prevalence of underweight, weight for age (% of children under 5)","SH.STA.MALN.ZS","","","","","","","","","","","","","","","","","","","","","","","","","","","","","","","","","","","","","","","","","3.3","","","","","","","","","","","","","","","","","","","","","","","","","",
"Solomon Islands","SLB","Prevalence of underweight, weight for age (% of children under 5)","SH.STA.MALN.ZS","","","","","","","","","","","","","","","","","","","","","","","","","","","","","","16.3","","","","","","","","","","","","","","","","","","11.8","","","","","","","","16.2","","","","","","","","","","",
"Sierra Leone","SLE","Prevalence of underweight, weight for age (% of children under 5)","SH.STA.MALN.ZS","","","","","","","","","","","","","","","","","","","","","","","","","","","","","","23.7","25.4","","","","","","","","","","23.4","","","","","27.2","","","","","18.5","","","","13","","","15.6","","13.5","","12","","","","",
"El Salvador","SLV","Prevalence of underweight, weight for age (% of children under 5)","SH.STA.MALN.ZS","","","","","","","","","","","","","","","","","","","","","","","","","","","","","11.1","","","","","8","","","","","9.7","","","","","6.1","","","","","6.7","","","","","","5","","","","","","","5","","","","",
"San Marino","SMR","Prevalence of underweight, weight for age (% of children under 5)","SH.STA.MALN.ZS","","","","","","","","","","","","","","","","","","","","","","","","","","","","","","","","","","","","","","","","","","","","","","","","","","","","","","","","","","","","","","","","","","",
"Somalia, Fed. Rep.","SOM","Prevalence of underweight, weight for age (% of children under 5)","SH.STA.MALN.ZS","","","","","","","","","","","","","","","","","","","","","","","","","","","","","","","","","","","","","","","","22.8","","","","","","","32.8","","","22.5","","","","","","","","","","","","","","","","",
"Serbia","SRB","Prevalence of underweight, weight for age (% of children under 5)","SH.STA.MALN.ZS","","","","","","","","","","","","","","","","","","","","","","","","","","","","","","","","","","","","","","","","","","","","","","1.8","","","","","1.6","","","","1.8","","","","","1","","","","","","",
"Sub-Saharan Africa (excluding high income)","SSA","Prevalence of underweight, weight for age (% of children under 5)","SH.STA.MALN.ZS","","","","","","","","","","","","","","","","","","","","","","","","","","","","","","","","","","","","","","","","","","","","","","","","","","","","","","","","","","","","","","","","","","",
"South Sudan","SSD","Prevalence of underweight, weight for age (% of children under 5)","SH.STA.MALN.ZS","","","","","","","","","","","","","","","","","","","","","","","","","","","","","","","","","","","","","","","","","","","","","","","32.5","","","","27.7","","","","","","","","","","","","","","","",
"Sub-Saharan Africa","SSF","Prevalence of underweight, weight for age (% of children under 5)","SH.STA.MALN.ZS","","","","","","","","","","","","","","","","","","","","","","","","","","","","","","","","","","","","","","","","","24.87","24.42","23.99","23.55","23.13","22.71","22.29","21.88","21.48","21.08","20.68","20.3","19.91","19.54","19.16","18.8","18.44","18.08","17.73","17.39","17.05","16.71","16.38","16.06","15.74","",
"Small states","SST","Prevalence of underweight, weight for age (% of children under 5)","SH.STA.MALN.ZS","","","","","","","","","","","","","","","","","","","","","","","","","","","","","","","","","","","","","","","","","","","","","","","","","","","","","","","","","","","","","","","","","","",
"Sao Tome and Principe","STP","Prevalence of underweight, weight for age (% of children under 5)","SH.STA.MALN.ZS","","","","","","","","","","","","","","","","","","","","","","","","","","","14.5","","","","","","","","","","","","","","","","","","","","","","","","","","","","8.8","","","","","5.4","","","","","","",
"Suriname","SUR","Prevalence of underweight, weight for age (% of children under 5)","SH.STA.MALN.ZS","","","","","","","","","","","","","","","","","","","","","","","","","","","","","","","","","","","","","","","","","11.1","","","","","","7.5","","","","5.8","","","","","","","","6.7","","","","","","","",
"Slovak Republic","SVK","Prevalence of underweight, weight for age (% of children under 5)","SH.STA.MALN.ZS","","","","","","","","","","","","","","","","","","","","","","","","","","","","","","","","","","","","","","","","","","","","","","","","","","","","","","","","","","","","","","","","","","",
"Slovenia","SVN","Prevalence of underweight, weight for age (% of children under 5)","SH.STA.MALN.ZS","","","","","","","","","","","","","","","","","","","","","","","","","","","","","","","","","","","","","","","","","","","","","","","","","","","","","","","","","","","","","","","","","","",
"Sweden","SWE","Prevalence of underweight, weight for age (% of children under 5)","SH.STA.MALN.ZS","","","","","","","","","","","","","","","","","","","","","","","","","","","","","","","","","","","","","","","","","","","","","","","","","","","","","","","","","","","","","","","","","","",
"Eswatini","SWZ","Prevalence of underweight, weight for age (% of children under 5)","SH.STA.MALN.ZS","","","","","","","","","","","","","","","","","","","","","","","","","","","","","","","","","","","","","","","","","9.1","","","","","","6","","7.3","","5.9","","","","5.8","","","","","","","5","","","","",
"Sint Maarten (Dutch part)","SXM","Prevalence of underweight, weight for age (% of children under 5)","SH.STA.MALN.ZS","","","","","","","","","","","","","","","","","","","","","","","","","","","","","","","","","","","","","","","","","","","","","","","","","","","","","","","","","","","","","","","","","","",
"Seychelles","SYC","Prevalence of underweight, weight for age (% of children under 5)","SH.STA.MALN.ZS","","","","","","","","","","","","","","","","","","","","","","","","","","","","","5","","","","","","","","","","","","","","","","","","","","","","","","3.8","","","","","","","","","","","","","",
"Syrian Arab Republic","SYR","Prevalence of underweight, weight for age (% of children under 5)","SH.STA.MALN.ZS","","","","","","","","","","","","","","","","","","","","","","","","","","","","","","","","","","11.5","","11.3","","","","","6","11.5","","","","","10","","","","10.4","","","","","","","","","","","","","","","",
"Turks and Caicos Islands","TCA","Prevalence of underweight, weight for age (% of children under 5)","SH.STA.MALN.ZS","","","","","","","","","","","","","","","","","","","","","","","","","","","","","","","","","","","","","","","","","","","","","","","","","","","","","","","","","","","","","0.4","","","","","",
"Chad","TCD","Prevalence of underweight, weight for age (% of children under 5)","SH.STA.MALN.ZS","","","","","","","","","","","","","","","","","","","","","","","","","","","","","","","","","","","","","","34.3","","","29.2","","","","33.9","","","","","","30.3","","","","","25","","24.3","24.7","29.2","18.9","21.4","18.2","","","",
"East Asia & Pacific (IDA & IBRD countries)","TEA","Prevalence of underweight, weight for age (% of children under 5)","SH.STA.MALN.ZS","","","","","","","","","","","","","","","","","","","","","","","","","","","","","","","","","","","","","","","","","","","","","","","","","","","","","","","","","","","","","","","","","","",
"Europe & Central Asia (IDA & IBRD countries)","TEC","Prevalence of underweight, weight for age (% of children under 5)","SH.STA.MALN.ZS","","","","","","","","","","","","","","","","","","","","","","","","","","","","","","","","","","","","","","","","","","","","","","","","","","","","","","","","","","","","","","","","","","",
"Togo","TGO","Prevalence of underweight, weight for age (% of children under 5)","SH.STA.MALN.ZS","","","","","","","","","","","","","","","","","","","","","","","","","","","","","19.2","","","","","","","","16.7","","22.8","","","","","","","","","","20.5","16.6","15.1","","16.5","","16.1","","","15.2","","","","","","","","",
"Thailand","THA","Prevalence of underweight, weight for age (% of children under 5)","SH.STA.MALN.ZS","","","","","","","","","","","","","","","","","","","","","","","","","","","","17.2","","","","","","16.3","","15.4","","","","","","","","","","","7","","","","","","9.2","","","","6.7","","","7.7","","","6.7","","","",
"Tajikistan","TJK","Prevalence of underweight, weight for age (% of children under 5)","SH.STA.MALN.ZS","","","","","","","","","","","","","","","","","","","","","","","","","","","","","","","","","","","","","","","","","","","","","","14.9","","15.1","","8.2","","","13.3","","","","6.4","7.6","","","","","","5.2","","",
"Turkmenistan","TKM","Prevalence of underweight, weight for age (% of children under 5)","SH.STA.MALN.ZS","","","","","","","","","","","","","","","","","","","","","","","","","","","","","","","","","","","","","","","","","11","","","","","","9.2","","","","","","","","","3.2","","","","3.1","","","","","","",
"Latin America & the Caribbean (IDA & IBRD countries)","TLA","Prevalence of underweight, weight for age (% of children under 5)","SH.STA.MALN.ZS","","","","","","","","","","","","","","","","","","","","","","","","","","","","","","","","","","","","","","","","","","","","","","","","","","","","","","","","","","","","","","","","","","",
"Timor-Leste","TLS","Prevalence of underweight, weight for age (% of children under 5)","SH.STA.MALN.ZS","","","","","","","","","","","","","","","","","","","","","","","","","","","","","","","","","","","","","","","","","","","40.6","41.5","","","","49.5","","44.9","","","","37.5","32.4","","","","","","31.9","","","","","",
"Middle East, North Africa, Afghanistan & Pakistan (IDA & IBRD)","TMN","Prevalence of underweight, weight for age (% of children under 5)","SH.STA.MALN.ZS","","","","","","","","","","","","","","","","","","","","","","","","","","","","","","","","","","","","","","","","","","","","","","","","","","","","","","","","","","","","","","","","","","",
"Tonga","TON","Prevalence of underweight, weight for age (% of children under 5)","SH.STA.MALN.ZS","","","","","","","","","","","","","","","","","","","","","","","","","","","","","","","","","","","","","","","","","","","","","","","","","","","","","1.8","","","","","","","0.8","","","","","","",
"South Asia (IDA & IBRD)","TSA","Prevalence of underweight, weight for age (% of children under 5)","SH.STA.MALN.ZS","","","","","","","","","","","","","","","","","","","","","","","","","","","","","","","","","","","","","","","","","","","","","","","","","","","","","","","","","","","","","","","","","","",
"Sub-Saharan Africa (IDA & IBRD countries)","TSS","Prevalence of underweight, weight for age (% of children under 5)","SH.STA.MALN.ZS","","","","","","","","","","","","","","","","","","","","","","","","","","","","","","","","","","","","","","","","","","","","","","","","","","","","","","","","","","","","","","","","","","",
"Trinidad and Tobago","TTO","Prevalence of underweight, weight for age (% of children under 5)","SH.STA.MALN.ZS","","","","","","","","","","","","","","","","","","","","","","","","","","","","4.9","","","","","","","","","","","","","4.3","","","","","","","","","","","4.9","","","","","","","","","","","","","","",
"Tunisia","TUN","Prevalence of underweight, weight for age (% of children under 5)","SH.STA.MALN.ZS","","","","","","","","","","","","","","","","","","","","","","","","","","","","","8.5","","","","","","","","","3.3","","","3.5","","","","","","3.3","","","","","","2.3","","","","","","1.6","","","","","","","",
"Turkiye","TUR","Prevalence of underweight, weight for age (% of children under 5)","SH.STA.MALN.ZS","","","","","","","","","","","","","","","","","","","","","","","","","","","","","","","","","","8.7","","9","","","7","","","","","","3.5","","","","1.9","","","","","2.3","","","","","1.5","","","","","","","",
"Tuvalu","TUV","Prevalence of underweight, weight for age (% of children under 5)","SH.STA.MALN.ZS","","","","","","","","","","","","","","","","","","","","","","","","","","","","","","","","","","","","","","","","","","","","","","","","1.6","","","","","","","","","","","","2.9","","","","","","",
"Tanzania","TZA","Prevalence of underweight, weight for age (% of children under 5)","SH.STA.MALN.ZS","","","","","","","","","","","","","","","","","","","","","","","","","","","","","","","","24.8","","","","","26.8","","","25.3","","","","","16.7","","","","","16.4","16.1","14.1","","13.1","13.4","13.7","","","14.6","","","10.8","11.4","","","",
"Uganda","UGA","Prevalence of underweight, weight for age (% of children under 5)","SH.STA.MALN.ZS","","","","","","","","","","","","","","","","","","","","","","","","","","","","","19.7","","","","","","","21.3","","","","","19.2","","","","","","16.3","","","15.7","","14.1","11.9","","11.7","8.8","10.4","","7.7","","7.6","","9.7","","","",
"Ukraine","UKR","Prevalence of underweight, weight for age (% of children under 5)","SH.STA.MALN.ZS","","","","","","","","","","","","","","","","","","","","","","","","","","","","","","","","","","","","","","","","","4.1","","","","","","","","","","","","","","","","","","","","","","","","","",
"Upper middle income","UMC","Prevalence of underweight, weight for age (% of children under 5)","SH.STA.MALN.ZS","","","","","","","","","","","","","","","","","","","","","","","","","","","","","","","","","","","","","","","","","8.06","7.7","7.35","7.01","6.69","6.39","6.09","5.81","5.54","5.29","5.04","4.8","4.58","4.37","4.16","3.96","3.78","3.6","3.43","3.27","3.11","2.96","2.82","2.69","2.56","",
"Uruguay","URY","Prevalence of underweight, weight for age (% of children under 5)","SH.STA.MALN.ZS","","","","","","","","","","","","","","","","","","","","","","","","","","","","6.5","","","","","","","","","","","","4.7","","","5.4","5","6","","","3.9","","","","3.9","","1.1","","","3.3","","1.8","","","","","","","",
"United States","USA","Prevalence of underweight, weight for age (% of children under 5)","SH.STA.MALN.ZS","","","","","","","","","","","","","","","","","","","","","","","","","","","","","","","","0.8","","","","","","","","","1.1","","0.8","","1.3","","0.7","","0.7","","1","","0.5","","0.7","","1.4","","0.4","","","","","","","",
"Uzbekistan","UZB","Prevalence of underweight, weight for age (% of children under 5)","SH.STA.MALN.ZS","","","","","","","","","","","","","","","","","","","","","","","","","","","","","","","","","","","","","15.4","","","","","","7.4","","","","4.4","","","","","","","","","","","2.9","","","","1.8","","","","",
"St. Vincent and the Grenadines","VCT","Prevalence of underweight, weight for age (% of children under 5)","SH.STA.MALN.ZS","","","","","","","","","","","","","","","","","","","","","","","","","","","","","","","","","","","","","","","","","","","","","","","","","","","","","","","","","","","","","","","","","","",
"Venezuela, RB","VEN","Prevalence of underweight, weight for age (% of children under 5)","SH.STA.MALN.ZS","","","","","","","","","","","","","","","","","","","","","","","","","3.9","","","","","","6.7","5.4","4.5","4","3.9","4.1","4.4","4.5","4.6","4.1","3.9","4","4.2","4.6","4.5","4.1","3.9","3.7","3.2","2.9","","","","","","","","","","","","","","","","",
"British Virgin Islands","VGB","Prevalence of underweight, weight for age (% of children under 5)","SH.STA.MALN.ZS","","","","","","","","","","","","","","","","","","","","","","","","","","","","","","","","","","","","","","","","","","","","","","","","","","","","","","","","","","","","","","","","","","",
"Virgin Islands (U.S.)","VIR","Prevalence of underweight, weight for age (% of children under 5)","SH.STA.MALN.ZS","","","","","","","","","","","","","","","","","","","","","","","","","","","","","","","","","","","","","","","","","","","","","","","","","","","","","","","","","","","","","","","","","","",
"Viet Nam","VNM","Prevalence of underweight, weight for age (% of children under 5)","SH.STA.MALN.ZS","","","","","","","","","","","","","","","","","","","","","","","","","","","","","40.7","","","","","36.6","40.6","","","","35.8","31.1","26.6","","23.3","24.6","23.6","22.8","21.9","21.6","20.5","17.5","11.7","16.8","16.2","15.3","14.5","14.1","13.8","13.4","12.8","12.2","11.6","","10.2","9.7","","",
"Vanuatu","VUT","Prevalence of underweight, weight for age (% of children under 5)","SH.STA.MALN.ZS","","","","","","","","","","","","","","","","","","","","","","","","","","","","","","","","","","","","","10.6","","","","","","","","","","","","11.5","","","","","11.7","","","","","","","","","","","","",
"World","WLD","Prevalence of underweight, weight for age (% of children under 5)","SH.STA.MALN.ZS","","","","","","","","","","","","","","","","","","","","","","","","","","","","","","","","","","","","","","","","","20.93","20.53","20.14","19.73","19.3","18.86","18.39","17.9","17.39","16.91","16.44","16","15.57","15.16","14.75","14.35","13.97","13.62","13.32","13.06","12.85","12.66","12.51","12.36","12.18","",
"Samoa","WSM","Prevalence of underweight, weight for age (% of children under 5)","SH.STA.MALN.ZS","","","","","","","","","","","","","","","","","","","","","","","","","","","","","","","","","","","","","","","","1.7","","","","","","","","","","","","","","","3.2","","","","","3.4","","","","","","",
"Kosovo","XKX","Prevalence of underweight, weight for age (% of children under 5)","SH.STA.MALN.ZS","","","","","","","","","","","","","","","","","","","","","","","","","","","","","","","","","","","","","","","","","","","","","","","","","","","","","","","","","","","","","","","","","","",
"Yemen, Rep.","YEM","Prevalence of underweight, weight for age (% of children under 5)","SH.STA.MALN.ZS","","","","","","","","","","","","","","","","","","","","","","","","","","","","","","","","29.9","","","","","34.2","43","","","","","","45.3","","36.7","","","","","","35.5","","39.9","","","","","","","","31.6","40.7","","","",
"South Africa","ZAF","Prevalence of underweight, weight for age (% of children under 5)","SH.STA.MALN.ZS","","","","","","","","","","","","","","","","","","","","","","","","","","","","","","","","","","","8","","","","","9.8","","","","","","","","","9.1","","","","","","","5.7","5.9","4.9","","","","","","","","",
"Zambia","ZMB","Prevalence of underweight, weight for age (% of children under 5)","SH.STA.MALN.ZS","","","","","","","","","","","","","","","","","","","","","","","","","","","","","","","","","21.2","","","","19.6","","","18.9","","","23.2","","","","","14.9","","","","","","14.9","","","","","11.8","","","","","","","",
"Zimbabwe","ZWE","Prevalence of underweight, weight for age (% of children under 5)","SH.STA.MALN.ZS","","","","","","","","","","","","","","","","","","","","","","","","","","","","10.5","8","","","","","","11.8","","","","","11.5","","","","","","14","","","","11.7","10.2","","11.1","","11.2","8.5","","","","9.7","","","","","9.6","",
