Country Name,Country Code,year,Value
Israel,ISR,1969,4.474
Israel,ISR,1970,3.824
Israel,ISR,1971,3.457
Israel,ISR,1972,2.704
Israel,ISR,1973,2.642
Israel,ISR,1974,3.055
Israel,ISR,1975,3.059
Israel,ISR,1976,3.634
Israel,ISR,1977,3.936
Israel,ISR,1978,3.554
Israel,ISR,1979,2.888
Israel,ISR,1980,4.826
Israel,ISR,1981,5.072
Israel,ISR,1982,5.005
Israel,ISR,1983,4.506
Israel,ISR,1984,5.893
Israel,ISR,1985,6.613
Israel,ISR,1986,7.079
Israel,ISR,1987,5.963
Israel,ISR,1988,6.355
Israel,ISR,1989,8.761
Israel,ISR,1990,9.565
Israel,ISR,1991,10.575
Israel,ISR,1992,11.171
Israel,ISR,1993,10.017
Israel,ISR,1994,7.813
Israel,ISR,1995,8.782
Israel,ISR,1996,8.455
Israel,ISR,1997,9.751
Israel,ISR,1998,10.749
Israel,ISR,1999,11.183
Israel,ISR,2000,11.102
Israel,ISR,2001,11.812
Israel,ISR,2002,12.888
Israel,ISR,2003,13.505
Israel,ISR,2004,13.029
Israel,ISR,2005,11.342
Israel,ISR,2006,10.707
Israel,ISR,2007,9.379
Israel,ISR,2008,7.704
Israel,ISR,2009,9.534
Israel,ISR,2010,8.48
Israel,ISR,2011,7.139
Israel,ISR,2012,6.762
Israel,ISR,2013,6.137
Israel,ISR,2014,5.789
Israel,ISR,2015,5.176
Israel,ISR,2016,4.723
Israel,ISR,2017,4.14
Israel,ISR,2018,3.917
Israel,ISR,2019,3.731
Israel,ISR,2020,4.169
Israel,ISR,2021,4.812
Israel,ISR,2022,3.695
Israel,ISR,2023,3.371
Israel,ISR,2024,2.901
Israel,ISR,2025,3.0
